Site,Customer Name,Customer_Type,Revenue_GBP,Units,Opportunity_Count,Cost_Allocated_USD,Revenue_USD,Margin_USD
G580,AAR Component Services,External,868800.0,30.0,2,1100.0,,
G580,ARBIL GLOBAL ENERGY LTD.,External,71422616.56,5305.0,8,321931.63,,
G580,Amata B.Grimm Power 2 Limited,External,713391.01,102.0,2,0.0,,
G580,B.Grimm Power Service,External,24688983.34,1120.0,3,17272.0,,
G580,BICOSYN ENERGY TECHNOLOGY,External,1339396.71,92.0,0,0.0,,
G580,Bicosyn Energy Technology,External,44776816.17,2038.0,6,320464.09,,
G580,CLP Holding Limited,External,0.0,1.0,1,0.0,,
G580,Corrtech Energy Limited,External,93588.86,2.0,1,0.0,,
G580,"EGCO Cogeneration Co.,Ltd.",External,25206184.07,701.0,2,0.0,,
G580,EREGLI IRON & STEEL WORKS,External,12731738.38,501.0,1,0.0,,
G580,ETHOSENERGY AND PARTNER LLC,Internal,21508581.51,1284.0,0,0.0,,
G580,ETHOSENERGY HOUSTON,Internal,5327843.69,74.0,1,0.0,,
G580,ETHOSENERGY ITALIA S.P.A.,Internal,47366257.22,2045.0,7,287157.23,,
G580,Electricity Generating,External,36010116.0,964.0,2,14545629.35,,
G580,Engro Powergen Qadirpur,External,1254860.1,49.0,1,23922.11,,
G580,"EthosEnergy (Canada), Ltd.",Internal,58404393.0,3130.0,6,0.0,,
G580,EthosEnergy (GBR) Limited,Internal,169244027.7,4477.0,9,497962.52,,
G580,EthosEnergy (MEA) Ltd.,Internal,125154055.85,2843.0,2,0.0,,
G580,EthosEnergy AG,Internal,9245069.58,1256.0,0,0.0,,
G580,EthosEnergy Abu Dhabi LLC,Internal,31359506.66,274.0,4,19208.22,,
G580,EthosEnergy Australia PTY LTD,Internal,543035.1,189.0,2,101.0,,
G580,"EthosEnergy Field Services,LLC",Internal,1646738.81,11.0,1,0.0,,
G580,EthosEnergy GmbH,Internal,658196980.76,21191.0,93,3296652.72,,
G580,EthosEnergy Italia S.p.A,Internal,308835823.62,24086.0,16,914764.02,,
G580,EthosEnergy Light Turbines,Internal,8254064.52,404.0,4,0.0,,
G580,"EthosEnergy Light Turbines,LLC",Internal,2317734.39,142.0,2,880.58,,
G580,EthosEnergy Power Plant,Internal,1451903616.74,64077.0,99,24628123.15,,
G580,EthosEnergy Sdn Bhd,Internal,26447375.87,3233.0,4,0.0,,
G580,EthosEnergy Turbines Singapore,Internal,17076585.63,722.0,5,131007.03,,
G580,Ethosenergy Australia PTY LTD,Internal,98883407.86,5412.0,26,912561.43,,
G580,GLOBAL POWER SYNERGY (GPSC),External,29432708.75,3870.0,3,6548211.17,,
G580,GLOW COMPONENT REPAIR REVENUE,External,254276704.52,10932.0,7,22989432.38,,
G580,GPSC CUP-1,External,366840.35,276.0,1,0.0,,
G580,GUANGZHOU JIUBIXIANG TRADING,External,41699052.28,2092.0,19,32947.3,,
G580,Israel Electric Corp Ltd.,External,76136896.24,2796.0,14,0.0,,
G580,KTR-EthosEnergy LLP,Internal,24417452.94,575.0,3,83712.73,,
G580,Kahrabel FZE,External,19629306.59,1866.0,4,0.0,,
G580,Liuzhou Xinhegang Power Co.Ltd,External,605364.0,11.0,0,0.0,,
G580,MEPE Component repair Revenue,External,12357454.15,542.0,1,0.0,,
G580,Montreal Services Siemens,External,257879.47,84.0,1,45000.0,,
G580,"NOMAC Gulf Trading FZE,",External,15820436.93,46.0,3,0.0,,
G580,NOMAC Maintenance Energy,External,137082020.87,3399.0,11,1777263.96,,
G580,PENGZHOU BOLIHENG CHEMICAL,External,394677.9,11.0,1,0.0,,
G580,PETRONOR,External,14745800.45,356.0,2,0.0,,
G580,PT. Chandra Asri Petrochemical,External,56562.12,1.0,0,0.0,,
G580,"REPSOL PETROLEO, S.A.",External,4121418.49,55.0,0,0.0,,
G580,"REPSOL PETROLEO, S.A. COMPLEJO",External,9438482.23,176.0,2,0.0,,
G580,"REPSOL QUIMICA, S.A.",External,12391518.91,313.0,0,0.0,,
G580,"Repsol Petroleo, S.A.",External,7654961.56,128.0,1,0.0,,
G580,SMN BARKA POWER COMPANY SAOC,External,1350125.55,57.0,1,0.0,,
G580,Shanahan Engineering Israel,External,158308288.66,5128.0,6,1708947.69,,
G580,Shell Chemicals Seraya Pte Ltd,External,4926776.32,352.0,4,0.0,,
G580,"Shenzhen Kole Trading CO.,Ltd.",External,2283734.79,185.0,1,46705.16,,
G580,Siemens Energy,External,621484.5,1.0,1,8572.4,,
G580,"Siemens Energy, Inc. Houston",External,606500.55,2.0,1,37122.0,,
G580,Star Petroleum Refining PLC,External,2562893.31,2.0,0,0.0,,
G580,Star Petroleum Refining PLC.,External,1705390.6,28.0,3,0.0,,
G580,TECMO Arabia Ltd.,External,8836659.36,215.0,1,198149.81,,
G580,"THAIXON TECH CO.,LTD.",External,80990.0,2.0,0,0.0,,
G580,TRIUMPH AVIATION SERVICES ASIA,External,668294.97,17.0,0,0.0,,
G580,"Tominaga & Co.,Ltd.",External,16533979.37,108.0,5,259647.02,,
G580,Turbocare Emirates-SP LLC,External,17640.7,1.0,0,2.0,,
G580,"UNEW, Inc",External,30491781.4,418.0,2,178670.08,,
G580,"Venture Engineering Co.,LTD.",External,21447.4,1.0,0,0.0,,
G580,West Coast Power(Private) Ltd.,External,28744820.33,2118.0,3,0.0,,
G580,Zamil Group Trade & Services,External,157770020.95,7754.0,11,382682.16,,
G580,Zhongshan Yong An Electricity,External,9754576.51,521.0,2,0.0,,
G580,Zhongshan Yong'An Electric,External,6006097.4,409.0,1,0.0,,
R401,80:20 PROCUREMENT SERVICES LTD,External,25173.81,2.0,1,0.0,,
R401,AB MAURI ITALY SPA,External,3130.19,2.0,1,3430.0,,
R401,ALLIANCE PIPELINE LP,External,28638.04,13.0,3,0.0,,
R401,ALLIES INVESTMENT GROUP,External,8561.64,3.0,2,0.0,,
R401,AMBEV S.A.,External,333172.3,4.0,0,0.0,,
R401,APACHE NORTH SEA LTD,External,1508225.95,601.0,30,195663.62,,
R401,APACHE NORTH SEA PRODUCTION,External,1004030.86,1135.0,27,0.0,,
R401,ARCO MAINTENANCE & ENG LTD,External,1011036.41,13.0,4,0.0,,
R401,BAPCO GAS COMPANY B.S.C.,External,237732.69,21.0,4,0.0,,
R401,BICOSYN ENERGY TECHNOLOGY,External,2100.08,443.0,1,0.0,,
R401,BLUEWATER ENERGY SERVICES B.V,External,2769829.53,930.0,10,0.0,,
R401,BLUEWATER ENERGY SERVICES B.V.,External,8556.16,12.0,2,0.0,,
R401,BLUEWATER LANCASTER PRODUCTION,External,2161310.78,566.0,12,0.0,,
R401,"BP ENERGIA ESPANA, S.A.U.",External,42855.79,35.0,3,0.0,,
R401,BURGO GROUP SPA,External,22622.86,6.0,3,3222.62,,
R401,CARGILL B.V,External,2849449.51,67.0,6,0.0,,
R401,CEFLA S.C.,External,10929.6,2.0,0,0.0,,
R401,CENTRICA STORAGE LTD,External,603742.62,569.0,25,112314.06,,
R401,CHRYSAOR E&P SERVICES LTD,External,688213.17,148.0,9,0.0,,
R401,CHRYSAOR LIMITED,External,2672232.68,3662.0,69,0.0,,
R401,CHRYSAOR LTD,External,2849806.02,2382.0,61,136564.01,,
R401,CHRYSAOR NORTH SEA LIMITED,External,199080.58,713.0,5,0.0,,
R401,CHRYSAOR PETROLEUM CO UK LTD,External,4839661.2,4412.0,109,0.0,,
R401,CNR INTERNATIONAL (UK) LIMITED,External,256988.32,176.0,12,7800.0,,
R401,CONTOUR GLOBAL DO BRASIL,External,1360111.84,100.0,4,2905.08,,
R401,CRAIG INTERNATIONAL LTD,External,1064.72,72.0,7,32.22,,
R401,DANA PETROLEUM (E&P) LIMITED,External,9695411.93,825.0,32,63016.87,,
R401,DOW SILICONES UK LIMITED,External,7806224.04,822.0,26,9180.0,,
R401,EE PPS LLC (LOVELAND) #G383,External,22656.58,5.0,1,0.0,,
R401,ELECTRICITY SUPPLY BOARD,External,765490.55,12.0,1,0.0,,
R401,ENERGY DEPLOYMENT CO LTD,External,584011.24,799.0,2,0.0,,
R401,ENGRO POLYMER & CHEMICALS LTD,External,1436.1,10.0,2,0.0,,
R401,ETHOSENERGY (CANADA) LTD #G822,Internal,175631.31,10.0,2,0.0,,
R401,ETHOSENERGY (GBR) LTD #G501,Internal,870509.97,659.0,14,0.0,,
R401,ETHOSENERGY (GBR) LTD #G602,Internal,58392.62,2407.0,27,9566.19,,
R401,ETHOSENERGY (GBR) LTD #G608,Internal,127947.83,160.0,12,0.0,,
R401,ETHOSENERGY ABU DHABI #G815,Internal,20389.97,1.0,1,0.0,,
R401,"ETHOSENERGY AND PARTNER,",Internal,78438.69,93.0,4,0.0,,
R401,ETHOSENERGY AUSTRALIA,Internal,88028.89,31.0,1,0.0,,
R401,ETHOSENERGY BV #R858,Internal,57674.79,16.0,5,0.0,,
R401,ETHOSENERGY GMBH #G509,Internal,3447928.4,3968.0,17,140128.64,,
R401,ETHOSENERGY ITALIA SPA #R859,Internal,1560571.83,133.0,8,0.0,,
R401,ETHOSENERGY KAZAKHSTAN #G807,Internal,143813.52,4.0,2,0.0,,
R401,ETHOSENERGY LLC #R505,Internal,1037114.31,671.0,13,3494.49,,
R401,ETHOSENERGY LT LLC #R402,Internal,702638.08,843.0,16,0.0,,
R401,ETHOSENERGY PPS LLC #G512,Internal,1676138.51,279.0,5,589539.17,,
R401,ETHOSENERGY SDN BHD #R853,Internal,116411.13,10.0,1,0.0,,
R401,ETHOSENERGY SDN BHD #R871,Internal,120355.85,64.0,4,123153.24,,
R401,EUROPEAN POWER SYSTEMS LTD,External,1554.98,407.0,2,0.0,,
R401,GALZZI SRL,External,7029.65,1.0,1,0.0,,
R401,GAS TURBINE RESOURCES LTD,External,44330.01,64.0,1,0.0,,
R401,GRACE GMBH,External,302657.84,187.0,8,28099.21,,
R401,HALUAN CEKAP SDN BHD,External,7823863.1,3540.0,54,39285.24,,
R401,"HILCORP ALASKA, LLC",External,150718.88,2.0,2,0.0,,
R401,HUMBLY GROVE ENERGY LTD,External,3861.86,7.0,1,0.0,,
R401,IMPTURBINES LTD,External,29542.71,771.0,2,7308.0,,
R401,INTERNATIONAL ENERGY RESOURCES,External,29000.0,1.0,1,0.0,,
R401,KEMAR INTERNATIONAL,External,12460.98,3.0,1,10944.98,,
R401,KRONOSPAN LTD,External,625417.48,126.0,14,0.0,,
R401,LEONE SHIPHOLDINGS INC,External,19182440.06,17715.0,129,309324.03,,
R401,LIBERTY PRIMARY STEEL,External,0.0,1.0,0,0.0,,
R401,MAAD UG,External,0.0,0.0,1,0.0,,
R401,MACLEAN ELECTRICAL GROUP LTD,External,7456.34,23.0,1,0.0,,
R401,MANN ENERGY LLC,External,41965.8,42.0,1,41965.8,,
R401,MUSTANG ENGINEERING LTD,External,5642.59,1.0,1,0.0,,
R401,NATIONAL GAS TRANSMISSION,External,299589.86,65.0,3,0.0,,
R401,NATIONAL GRID GAS PLC,External,190915.46,5.0,2,0.0,,
R401,NATIONAL GRID PLC,External,41687.28,3.0,0,0.0,,
R401,NATRAN S.A.,External,2822224.01,435.0,17,0.0,,
R401,NEO ENERGY RESOURCES UK LTD,External,47915721.82,98935.0,893,1690975.59,,
R401,NNG ENERJI TEKNOLOJI TAAHHUT,External,28353.69,2.0,1,15000.0,,
R401,NOON BROTHER (PVT) LTD,External,4757.2,18.0,2,0.0,,
R401,NOVA GAS TRANSMISSION LTD,External,1390491.54,11.0,3,0.0,,
R401,OCCIDENTAL PETROLEUM OF QATAR,External,0.0,2.0,1,0.0,,
R401,OMV PETROM S.A.SC AP #E&P,External,6840092.74,1403.0,11,321982.83,,
R401,OOO MC SYSTEMS ENERGY,External,169114.82,67.0,4,0.0,,
R401,PATENTED SYSTEMS INC,External,21480.47,16.0,2,0.0,,
R401,PERENCO UK LIMITED,External,2213132.07,1936.0,36,10336.0,,
R401,PERENCO UK LTD,External,8192361.17,6385.0,62,86028.46,,
R401,PETROFAC FACILITIES MGMT LTD,External,688992.15,778.0,19,581.76,,
R401,PETROLEUM DEVELOPMENT OMAN LLC,External,302997.86,5.0,1,0.0,,
R401,"PETROTECH, INC.",External,36070.42,1.0,0,0.0,,
R401,PHILLIPS 66 LIMITED,External,1825.69,1.0,1,0.0,,
R401,PIERCE PRODUCTION COMPANY LTD,External,4026202.33,1167.0,36,0.0,,
R401,PREMIER OIL UK LIMITED,External,74701.88,225.0,12,26383.21,,
R401,PSN SAKHALIN LLC #W155,External,4381662.03,1428.0,18,82802.91,,
R401,PT DIAN SWASTATIKA SENTOSA TBK,External,5191.91,5.0,2,0.0,,
R401,PT JAYA LANGIT NUSANTARA,External,811618.59,102.0,3,0.0,,
R401,PT.INDOPELITA AIRCRAFT SERVICE,External,2066817.05,431.0,7,7435.2,,
R401,PX LIMITED,External,287148.03,590.0,20,0.0,,
R401,QATAR PETROLEUM DEVELOPMENT,External,5353.86,2.0,1,0.0,,
R401,QUARTZELEC LIMITED,External,1487.9,16.0,1,0.0,,
R401,RWG (REPAIR & OVERHAULS) LTD,External,3192487.48,10.0,0,0.0,,
R401,SANTOS LIMITED,External,3505386.77,498.0,9,0.0,,
R401,SCOTTISHPOWER ENERGY,External,109247.68,104.0,10,385.0,,
R401,SHANAHAN ENG ISR LTSA #R873A,External,9964.24,1.0,1,0.0,,
R401,SHELL PHILIPPINES EXPLORATION,External,6488418.86,51.0,2,0.0,,
R401,SHELL UK LIMITED,External,8914753.82,13565.0,303,215674.31,,
R401,SHENZHEN BICOSYN ENTERPRISES,External,15171.03,2.0,1,0.0,,
R401,SJE ENGINEERING LTD,External,27133.59,141.0,10,0.0,,
R401,SOCIETE DE RECHERCHES ET,External,2701173.55,80.0,4,13066.85,,
R401,SPIRIT ENERGY LIMITED,External,0.0,4.0,1,0.0,,
R401,SPIRIT ENERGY NEDERLAND B.V,External,60316.0,8.0,3,0.0,,
R401,SPIRIT ENERGY PRODUCTION UK,External,52777142.88,52950.9,740,158134.08,,
R401,SULQUISA S.A.,External,8337.31,1.0,0,0.0,,
R401,SULZER TURBO SERVICES,External,1887.97,3.0,1,0.0,,
R401,TAQA BRATANI LIMITED,External,3936678.78,34.0,9,0.0,,
R401,TOTAL E&P NEDERLAND BV,External,75.74,14.0,2,0.0,,
R401,TRANSCANADA PIPELINES LTD,External,4345365.16,445.0,16,26525.02,,
R401,TRANSPORTADORA DE GAS DEL,External,553941.11,1937.0,23,44904.52,,
R401,TRONOX PIGMENT UK LIMITED,External,1991684.32,478.0,14,0.0,,
R401,TURBINE SERVICES & SOLUTIONS,External,247608.97,1.0,1,323911.57,,
R401,Total E&P Nederland BV,External,1804.35,1.0,1,2221.51,,
R401,UEP BETA GMBH,External,0.0,1.0,1,0.0,,
R401,UK NORTH SEA LIMITED,External,11122.32,1.0,1,0.0,,
R401,UNITED CORPORATION LIMITED,External,8098.33,3.0,2,0.0,,
R401,UNITED ENGINEERING SVS LLC,External,44006.74,75.0,7,2608.0,,
R401,UNITED STATES GYPSUM COMPANY,External,1702339.07,294.0,14,2326.32,,
R401,WELLHEAD COMPONENT INC,External,693.09,10.0,1,0.0,,
R401,WEST BURTON B LIMITED,External,14850.0,1.0,1,0.0,,
R401,WOOD GROUP UK LIMITED #W302,External,36053.89,3.0,2,0.0,,
R401,WOOD GROUP UK LTD,External,90797.32,5.0,1,0.0,,
R401,YUSUF BIN AHMED KANOO W.L.L,External,0.0,0.0,1,0.0,,
R401,ZARUBEZHNEFT-PRODUCTION,External,461947.86,2558.0,5,471114.16,,
R402,ABBOTT LABORATORIES DE MEXICO,External,45177.12,4.0,1,9185.0,,
R402,ABBOTT LABORTORIES PAKISTAN,External,7906.2,3.0,0,0.0,,
R402,ABSOLUTE PROJECT SOLUTION CO,External,350.0,1.0,0,0.0,,
R402,ADDAX PETROLEUM CAMEROON CO SA,External,7390874.16,292.0,28,929530.91,,
R402,AJ STACK,External,999.0,1.0,1,0.0,,
R402,AMPLIFY ENERGY OPERATING LLC,External,1579751.79,222.75,9,29714.0,,
R402,ANR PIPELINE COMPANY,External,26971.0,5.0,1,0.0,,
R402,"ARENA OFFSHORE, LP",External,424389.92,1068.35,15,101731.5,,
R402,ASSALA GABON SA,External,437387.7,1231.0,2,0.0,,
R402,AZULAO GERACAO DE ENERGIA,External,72105.96,27.0,5,30851.72,,
R402,Aero Technical Components,External,250.0,100.0,0,0.0,,
R402,BETA OFFSHORE,External,168942.71,17.0,4,10415.0,,
R402,BETA OFFSHORE (LTSA),External,1921928.21,933.8,13,728293.66,,
R402,BRIDGE ENERGY LLC,External,516512.1,22.0,1,0.0,,
R402,BUCKNELL UNIVERSITY,External,1568372.64,66.0,1,0.0,,
R402,"BYBEE & BYBEE OF NEVADA, INC",External,442464.4,564.0,8,24506.0,,
R402,CALIFORNIA INSTITUTE OF TECH.,External,1800202.05,29.0,3,0.0,,
R402,CARIBBEAN UTILITIES COMPANY,External,314321.17,152.45,9,22795.4,,
R402,CBRE GWS LLC,External,180.0,2.0,1,0.0,,
R402,"CFAS POWER,LLC",External,6050000.0,1.7,1,0.0,,
R402,CHAMPION TURBINES LLC,External,7551.98,16.0,0,0.0,,
R402,CHEVRON CORPORATION,External,1524164.67,44.0,3,0.0,,
R402,CHEVRON ORONITE CO LLC-US,External,3760.0,21.0,0,0.0,,
R402,CITY OF FORT WORTH WATER DEPT.,External,1959212.87,1173.3,20,128826.06,,
R402,CLEMSON UNIVERSITY,External,469057.89,20.0,1,0.0,,
R402,CONIFER ENERGY INC,External,52571.0,4.0,2,0.0,,
R402,"CONOCO PHILLIPS, INCORPORATED",External,158429.25,36.0,2,0.0,,
R402,CONOCOPHILLIPS COMPANY #382021,External,341870.01,185.0,2,0.0,,
R402,"COX OPERATING, LLC",External,832061.19,282.0,1,0.0,,
R402,CV.ALDANA SEJAHTERA,External,18379.29,118.0,0,0.0,,
R402,CV.ELKASINDO,External,3637.6,47.0,0,0.0,,
R402,DATA JOURNEY LLC,External,0.0,0.0,1,0.0,,
R402,"DCOR, LLC",External,161270.1,8.0,5,0.0,,
R402,DEFENSE FINANCE & ACCOUNTING,External,656598.75,13.0,3,0.0,,
R402,DESA ENERJI ELEKTRIK ÃœRETIM A.,External,1238215.91,19.0,3,0.0,,
R402,DEVON ENERGY,External,95308.88,38.0,0,0.0,,
R402,DISTRIBUTED POWER SOLUTIONS LT,External,3907116.53,533.65,10,3841.39,,
R402,DNOW L.P.,External,13153.0,31.0,0,0.0,,
R402,EE AUSTRALIA PTY LTD (G516),External,3148346.56,37.0,4,0.0,,
R402,EE Australia PTY LTD - G516,External,893953.12,4.0,1,0.0,,
R402,"ELECTRO-QUIP SERVICE,INC",External,19688.45,1.0,1,0.0,,
R402,EMPRESA NACIONAL DEL PETROLEO,External,1000.0,1.0,1,0.0,,
R402,"ENERGY RENTAL SOLUTIONS, LLC",External,3638310.0,18.0,3,0.0,,
R402,ENERGY TRANSFER,External,20238.5,3.0,0,0.0,,
R402,ENERGY TRANSFER COMPANY,External,9000.0,3.0,0,0.0,,
R402,ENERGY TRANSFER PARTNERS,External,124297.62,312.45,4,71745.26,,
R402,"ENERGY XXI GOM, LLC",External,445792.52,322.0,1,0.0,,
R402,ENEVA S.A.,External,400444.29,527.5,1,266416.89,,
R402,ENGRO FERTILIZER LIMITED,External,7072.28,21.0,2,0.0,,
R402,ENTERPRISE PRODUCTS OPERATING,External,9893.85,1.0,1,0.0,,
R402,ESSITY,External,2344890.36,143.45,6,7738.2,,
R402,ESSITY HIGIENE Y SALUD MEXICO,External,347554.66,1089.85,3,191829.47,,
R402,"ETHOS ENERGY PPS, LLC (G512)",Internal,342456.88,1311.2,7,202064.72,,
R402,ETHOSENERGY,Internal,0.0,1.0,0,0.0,,
R402,ETHOSENERGY (GBR) LTD(G602),Internal,9653.83,97.0,0,0.0,,
R402,ETHOSENERGY A&C (G511),Internal,4785.2,1.0,1,3418.0,,
R402,"ETHOSENERGY ABU DHABI,LLC G815",Internal,11257.61,49.0,1,0.0,,
R402,"ETHOSENERGY ABU DHABI,LLC R409",Internal,21224.73,117.0,0,0.0,,
R402,ETHOSENERGY B.V R858,Internal,668472.98,164.0,3,0.0,,
R402,ETHOSENERGY GMBH (G509),Internal,20643282.25,3108.5,31,635385.3,,
R402,ETHOSENERGY LT LTD (R401),Internal,5441166.33,1887.13,18,719799.95,,
R402,ETHOSENERGY LT LTD(R406),Internal,897295.15,210.0,3,0.0,,
R402,ETHOSENERGY PPS (G512),Internal,650196.31,25.0,6,0.0,,
R402,"ETHOSENERGY PPS, LLC (G205)",Internal,90973.35,12.0,0,0.0,,
R402,"ETHOSENERGY PPS, LLC (G383)",Internal,253743.69,9.0,3,0.0,,
R402,ETHOSENERGY SDN BHD #R871,Internal,8550.0,1.0,0,0.0,,
R402,"ETHOSENERGY TC, INC R885",Internal,3026696.08,6.0,2,0.0,,
R402,ETHOSENERGY THAILAND LTD(G580),Internal,1522356.85,34.0,3,0.0,,
R402,EXTERRAN PERU SRL,External,22400.0,2.0,2,0.0,,
R402,EthosEnergy Light Turbines Ltd,Internal,10266.75,13.0,1,0.0,,
R402,FIELDWOOD ENERGY LLC,External,80503.01,32.0,0,0.0,,
R402,FLORIDA POWER & LIGHT CO.,External,2607979.39,160.65,4,29439.17,,
R402,FORTISTAR METHANE GROUP LLC,External,2421464.46,1480.7,25,52740.4,,
R402,FREEPORT MCMORAN OIL & GAS LLC,External,311840.0,6.0,1,0.0,,
R402,FREEPORT-MCMORAN OIL & GAS LLC,External,226265.58,20.0,0,0.0,,
R402,FREEPORT-MCMORRAN COPPER GOLD,External,7828.0,1.0,0,0.0,,
R402,GAS TURBINE APPLICATIONS,External,759990.23,6476.0,8,5926.88,,
R402,GAS TURBINE MATERIALS,External,2071.94,653.0,0,0.0,,
R402,GAS TURBINES INTEGRATED,External,14882989.46,171.0,33,16151206.21,,
R402,GLM CORPORATION,External,163940.26,4880.0,5,13427.03,,
R402,GRAN TIERRA ENERGY COLOMBIA,External,147184.28,143.0,5,0.0,,
R402,GRANISER GRANIT SERAMIK SAN.,External,121431.0,4.0,0,0.0,,
R402,HALKLAI KAGIT,External,706965.0,3.0,2,0.0,,
R402,HALUAN CEKAP SDN BHD,External,599445.64,1951.0,20,0.0,,
R402,HARVEST MIDSTREAM,External,5000.0,2.0,0,0.0,,
R402,HENCO ENERGY,External,0.0,0.0,1,0.0,,
R402,HILCORP SAN JUAN,External,6395.2,20.0,0,0.0,,
R402,HOOSIER ENERGY RURAL ELECTRIC,External,907370.56,85.0,3,0.0,,
R402,INCITEC PIVOT LIMITED,External,6068.0,4.0,0,0.0,,
R402,INDUSTRIAL PAPELERA,External,180576.21,3.0,1,0.0,,
R402,INDUSTRIAL TURBINE SERVICES SR,External,2902.0,4.0,0,0.0,,
R402,INTERCONTINENTAL MATERIALS,External,461820.6,1265.0,8,2602.36,,
R402,Industrial Papelera Mexicana,External,1117306.57,243.0,4,0.0,,
R402,"J TURBINES, INC",External,4400000.0,3.0,0,0.0,,
R402,KELSO-BURNETT CO,External,40965.13,2.0,1,0.0,,
R402,KINDER MORGAN,External,400.0,1.0,0,0.0,,
R402,"KINGSBURY, INC.",External,61425.0,5.0,2,0.0,,
R402,"KTR-ETHOSENERGY , LLP G800",Internal,789467.32,229.0,1,0.0,,
R402,KUWAIT PROCESSES FOR PETRO.,External,1883424.0,38.3,2,0.0,,
R402,LCY ELASTOMERS LP,External,86260.0,3.0,2,0.0,,
R402,MAYO CLINIC,External,1571349.37,18.0,0,0.0,,
R402,"MC OFFSHORE PETROLEUM, LLC",External,46036.3,25.0,0,0.0,,
R402,"MODEC AMERICA,INC.",External,315000.0,1.3,2,540262.5,,
R402,MONDELEZ GLOBAL LLC,External,138692.44,3.0,1,0.0,,
R402,MSTI,External,1004623.92,7.0,2,0.0,,
R402,MUANDA INTERNATIONAL,External,877986.0,28.0,1,-12835.0,,
R402,MURPHY EXPLORATION &,External,5475.0,1.0,1,0.0,,
R402,NAVAL SURFACE WARFARE CENTRE,External,675000.0,3.0,2,0.0,,
R402,NEPTUNE ENERGY NETHERLANDS B.V,External,869303.41,32.0,3,0.0,,
R402,NEW MEXICO GAS COMPANY,External,41779.5,24.0,1,3895.13,,
R402,NNG ENERJI TEKNOLOJI LTD,External,646795.7,20.0,4,0.0,,
R402,PAPELES Y CONVERSIONES DE,External,7693563.95,909.45,12,254686.88,,
R402,PARADOX MIDSTREAM LLC,External,96942.96,37.0,0,0.0,,
R402,"PELSTAR, LLC",External,307186.68,384.6,6,56547.6,,
R402,PERENCO OIL AND GAS COLOMBIA,External,3700.0,3.0,1,0.0,,
R402,PHILLIPS 66 COMPANY,External,33016.19,8.0,0,0.0,,
R402,PIEDMONT NATURAL GAS,External,14910.0,8.0,0,0.0,,
R402,"PLACID REFINING COMPANY, LLC",External,2933715.22,125.0,5,0.0,,
R402,PT INDOPELITA AIRCRAFT SERVICE,External,292070.98,292.0,2,0.0,,
R402,PT UNIVERSAL RESPATI,External,1177840.31,8505.0,10,0.0,,
R402,PT. ARTAMAS PRIMA DINAMIKA,External,526233.5,118.0,2,0.0,,
R402,PT. CHEIL JEDANG INDONESIA,External,2004823.08,49.0,3,0.0,,
R402,PT. M3 KETAPANG SEJAHTERA,External,57940.0,2.0,0,0.0,,
R402,Perenco Oil and Gas Gabon,External,10914.39,1.0,0,0.0,,
R402,"RENAISSANCE OFFSHORE, LLC",External,290241.0,27.0,0,0.0,,
R402,"RETURBO, LLC",External,589720.03,6871.0,7,249759.55,,
R402,RICE UNIVERSITY,External,176699.59,20.0,4,0.01,,
R402,SEITHER TURBINES SERVICES,External,10494.25,18.0,0,0.0,,
R402,"SENTINEL PEAK RESOURCES CA,LLC",External,674392.58,101.0,9,0.0,,
R402,SEVEN STAR OIL FIELDS EQUIP TR,External,15714.0,194.0,0,0.0,,
R402,SIKORSKY AIRCRAFT CORPORTATION,External,3075435.81,1235.25,8,210286.57,,
R402,SOORTY ENTERPRISES (PVT) LTD,External,611563.02,7.0,1,0.0,,
R402,SPETCO INTERNATIONAL,External,21490.0,4.0,2,0.0,,
R402,SULQUISA S.A.,External,6299.96,2.0,1,0.0,,
R402,SULZER TURBO SERVICES HOUSTON,External,1356591.53,28.0,2,0.0,,
R402,TALOS PRODUCTION INC,External,32700.07,162.0,0,0.0,,
R402,TAMINCO US LLC,External,109957.17,168.35,3,72422.0,,
R402,TANNER STREET GENERATION LLC,External,5000.0,2.0,0,0.0,,
R402,TDN S.R.L,External,4707.94,3.15,1,2409.53,,
R402,TECMACH SUPPLIES CO PTE LTD,External,9611.8,10.0,0,0.0,,
R402,"TEXACANA TURBINES, INC",External,831114.16,34.0,3,0.0,,
R402,THE METHODIST HOSPITAL SYSTEM,External,1239809.37,67.0,2,15143.91,,
R402,TITAN OIL TOOLS,External,1800.0,2.0,0,0.0,,
R402,TMM SERVICE AND SUPPLY,External,0.0,-0.0,1,0.0,,
R402,TRANSCANADA PIPELINES LTD,External,16390.0,1.0,0,0.0,,
R402,TTES FRONTKEN INTEGRATED,External,852150.32,206.0,9,761777.35,,
R402,TURBINE FIELD SOLUTIONS SA DE,External,775000.0,5.0,1,0.0,,
R402,"TURBINE RESOURCES, INTL. LLC.",External,70000.0,1.0,0,0.0,,
R402,TURBINE SERVICES & SOLUTIONS,External,76301.89,895.0,0,0.0,,
R402,US GYPSUM COMPANY,External,241939.61,3270.55,6,40222.6,,
R402,VERICOR POWER SYSTEMS,External,3360.0,28.0,0,0.0,,
R402,"W&T OFFSHORE,INC",External,1157736.92,90.0,3,1221.1,,
R402,WALTON EMC,External,8240.42,1.0,1,0.0,,
R402,WASTE MANAGEMENT NATIONAL,External,53891.97,16.15,1,15398.35,,
R402,WASTE MANAGEMENT SERVICES,External,47547.69,13.15,1,0.0,,
R402,"WASTE MANAGEMENT, INC.",External,237912.8,68.0,1,0.0,,
R402,WEST PALM BEACH CITY,External,2373858.63,491.45,13,681027.35,,
R402,WOOD GROUP PSN INC. (M205E),External,91352.54,19.0,0,0.0,,
R402,"WOOD GROUP PSN, INC.",External,361526.2,48.0,7,0.0,,
R402,"ZAMAN TEXTILE MILLS (PVT), LLC",External,882080.0,86.0,2,754770.0,,
R402,ZHAIKMUNAI LLP,External,10440.0,5.0,1,0.0,,
